{
	"credit": "Made with Blockbench",
	"textures": {
		"0": "Downloads/ダウンロード (35)",
		"1": "Downloads/M200_other_a",
		"particle": "Downloads/ダウンロード (35)"
	},
	"elements": [
		{
			"from": [3, 0, 3],
			"to": [8, 1, 8],
			"rotation": {"angle": 0, "axis": "y", "origin": [12, 12, 15]},
			"faces": {
				"north": {"uv": [0, 0, 5, 5], "texture": "#0"},
				"east": {"uv": [0, 0, 5, 5], "texture": "#0"},
				"south": {"uv": [0, 0, 5, 5], "texture": "#0"},
				"west": {"uv": [0, 0, 5, 5], "texture": "#0"},
				"up": {"uv": [0, 0, 5, 5], "texture": "#0"},
				"down": {"uv": [0, 0, 5, 5], "texture": "#0"}
			}
		},
		{
			"from": [3, 2, 3],
			"to": [8, 3, 8],
			"rotation": {"angle": 0, "axis": "y", "origin": [12, 14, 15]},
			"faces": {
				"north": {"uv": [4.83556, 4.97778, 11.66222, 11.16444], "texture": "#0"},
				"east": {"uv": [4.83556, 4.97778, 11.66222, 11.16444], "texture": "#0"},
				"south": {"uv": [4.83556, 4.97778, 11.66222, 11.16444], "texture": "#0"},
				"west": {"uv": [4.83556, 4.97778, 11.66222, 11.16444], "texture": "#0"},
				"up": {"uv": [4.83556, 4.97778, 11.66222, 11.16444], "texture": "#0"},
				"down": {"uv": [4.83556, 4.97778, 11.66222, 11.16444], "texture": "#0"}
			}
		},
		{
			"from": [2, 1, 3],
			"to": [3, 4, 8],
			"rotation": {"angle": 0, "axis": "y", "origin": [10, 9, 14]},
			"faces": {
				"north": {"uv": [0, 0, 5, 3], "texture": "#1"},
				"east": {"uv": [0, 0, 5, 3], "texture": "#1"},
				"south": {"uv": [0, 0, 5, 3], "texture": "#1"},
				"west": {"uv": [0, 0, 5, 3], "texture": "#1"},
				"up": {"uv": [0, 0, 5, 3], "texture": "#1"},
				"down": {"uv": [0, 0, 5, 3], "texture": "#1"}
			}
		},
		{
			"from": [8, 1, 3],
			"to": [9, 4, 8],
			"rotation": {"angle": 0, "axis": "y", "origin": [16, 9, 14]},
			"faces": {
				"north": {"uv": [0, 0, 5, 3], "texture": "#0"},
				"east": {"uv": [0, 0, 5, 3], "texture": "#0"},
				"south": {"uv": [0, 0, 5, 3], "texture": "#0"},
				"west": {"uv": [0, 0, 5, 3], "texture": "#0"},
				"up": {"uv": [0, 0, 5, 3], "texture": "#0"},
				"down": {"uv": [0, 0, 5, 3], "texture": "#0"}
			}
		},
		{
			"from": [3, 1, 2],
			"to": [8, 4, 3],
			"rotation": {"angle": 0, "axis": "y", "origin": [12, 9, 9]},
			"faces": {
				"north": {"uv": [0, 0, 5, 3], "texture": "#0"},
				"east": {"uv": [0, 0, 5, 3], "texture": "#0"},
				"south": {"uv": [0, 0, 5, 3], "texture": "#0"},
				"west": {"uv": [0, 0, 5, 3], "texture": "#0"},
				"up": {"uv": [0, 0, 5, 3], "texture": "#0"},
				"down": {"uv": [0, 0, 5, 3], "texture": "#0"}
			}
		},
		{
			"from": [3, 1, 8],
			"to": [8, 4, 9],
			"rotation": {"angle": 0, "axis": "y", "origin": [12, 9, 15]},
			"faces": {
				"north": {"uv": [0, 0, 5, 3], "texture": "#0"},
				"east": {"uv": [0, 0, 5, 3], "texture": "#0"},
				"south": {"uv": [0, 0, 5, 3], "texture": "#0"},
				"west": {"uv": [0, 0, 5, 3], "texture": "#0"},
				"up": {"uv": [0, 0, 5, 3], "texture": "#0"},
				"down": {"uv": [0, 0, 5, 3], "texture": "#0"}
			}
		}
	]
}